title,all_text,day
Success story: История успешного Web Frontend-разработчика,"IT Park продолжает рубрику интересных историй о молодых программистах. Сегодня в гостях у IT Park – 20-летний Джавохир Гуломджонов. В настоящее время наш герой учится на 2 курсе в Наманганском Инженерно-Технологическом институте на факультете менеджмент. По специальности он Web Frontend-разработчик. Его деятельность в сфере программирования началась во время карантина. Отец нашего героя приобрёл для него первый личный ноутбук. Он начал его изучать и выполнять повседневные задачи на нём. «Я случайно разбил свой ноутбук, отнёс его мастеру и поменял программное обеспечение за 40 000 сумов. Затем началась формироваться идея, что в программировании можно заработать много денег. Однажды я увидел проект под названием «Uzbekcoders» (One million Uzbek Coders). Я начал изучать веб-программирование с помощью доступных в нём видеоуроков». Джавохир говорит, что невозможно получить хорошие знания с помощью онлайн-курсов. Потому что считает, что поиск решения проблем приходит после работы с опытным специалистом. «Я изо всех сил начал изучать основы программирования, а затем начал искать наставника, чтобы он объяснил мне то, что я не понимал. Сначала искал в районе, где я живу, то есть в Фергане. Я нашел Ислома Давлатова в Папском районе. Спросил его об интересующих вопросах, о которых я не знал. После этого интерес возрос и обучение ускорилось.  По словам нашего героя, после этих проектов он устроился на работу в Папскую IТ-школу и обучил ряд студентов. В тоже время,Джавохири сейчас продолжает работать над проектами. 
Как считает наш герой – в будущем производство смарт-систем призвано облегчить работу людей. На данный момент ежемесячный доход нашего герояв среднем составляет $400-$500. На своем примере Джавохир показывет, что IТ-специалистом может стать каждый, у кого есть страсть к своему любимому делу. Главное – это стремление и желание работать, и учиться. А IT-Центры помогут реализовать эти цели. Может быть, вы станете следующим героем нашей рубрики?",2023-03-01
Онлайн-сессия: «Подходы к управлению проектами в IT»,"27 февраля в 16:00 состоится онлайн-встреча в рамках проекта Edusession. Тема второй встречи — «Подходы к управлению проектами в IT». Спикером сессии выступит директор по информационнымтехнологиямBeeline Uzbekistan Артём Каливанов. Он расскажет про подходы в управлении IT-проектами, их виды, отличия проектов от продуктов, часто совершаемые ошибки, а также области управления, требуемые повышенного контроля. Участники также узнают:  что такое IT-проект; какие подходы к управлению проектами существуют; на что следует обращать внимание при управлении проектами. Мероприятие пройдёт на русском языке. Участие бесплатное, приём заявок продлится до 26 февраля по ссылке:   Напомним, что программа Edusession направлена на поддержку молодёжи, заинтересованной в том, чтобы стать частью глобального IT- сообщества, построить карьеру и начать зарабатывать. Мероприятия в рамках Edusession проводятся еженедельно в офлайн- и онлайн-формате. Во время сессий участники могут получить знания по выбранному направлению, узнать о запуске собственных проектов и карьерных возможностях в лучших компаниях мира, усовершенствовать навыки в ходе работы с экспертами, наладить нетворкинг и т.д. Артём Каливанов имеет опыт: более 20 лет в IT и 13 лет в управлении IT-проектами; внедрения IT-проектов в Украине, РФ, Республике Беларусь, Вьетнаме, Узбекистане; проведения аудита работы IT-службы; создания проектного офиса; работы в IBM.",2023-02-22
Итоги видеоселекторного совещания по вопросам цифровизации,"22 февраля под председательством Президента Узбекистана Шавката Мирзиёева состоялось видеоселекторное совещание по вопросам ускорения процессов цифровизации в сферах и регионах. В ходе совещания было отмечено, что уделяемое в последние годы большое внимание сфере  IT  даёт свои результаты. Так, в прошлом году резидентами IT  Park  оказано услуг на 5 трлн сумов и экспортировано услуг на $140 млн. Цель на 2023 год — достичь отметки в $300 млн. В цифровой формат переведено 370 из 715 государственных услуг, в прошлом году электронными услугами воспользовались 12 млн человек. В результате цифровизации отменено истребование от населения более 70 видов справок и документов. Как было отмечено на совещании, предстоит провести большую работу в регионах. В частности, в областях будут реализованы апробированные в Ташкенте проекты, такие как Цифровой геопортал, цифровой портал жилищно-коммунальной сферы и система «Народный контроль».  В будущем экспорт услуг в сфере  IT  должен достигнуть $1 млрд. Для этого требуются не менее 100 тыс. квалифицированных программистов, IT-архитекторов, операторов и инженеров. Необходимо расширить сеть высокоскоростного интернета в регионах, создать более благоприятную среду для присутствия зарубежных IT-компаний.  Департамент цифрового развития хокимията Ташкента передадут в ведение Министерства цифровых технологий, он будет заниматься процессом цифровизации во всех регионах страны. Также перед Министерством цифровых технологий поставили ​​задачу подключить 26 информационных систем к Единому порталу госуслуг и увеличить количество сервисов в нем до 570. С целью обучения молодежи сфере  IT  и трудоустройства в этой отрасли,  будут созданы новые условия для центров  IT -образования и их выпускников. Так, в случае трудоустройства своих выпускников в компании, экспортирующие  IT -услуги, центры получат субсидию в размере до 25 млн сумов на каждого специалиста, и до 35 млн сумов на молодых людей с инвалидностью.  Молодые люди с IT-сертификатом смогут получить на личную пластиковую карту льготный кредит на покупку компьютера. Обучение молодежи будет расширено, в том числе и благодаря платформе «Coursera». Самые талантливые, прошедшие отбор, будут обучены для международного IT-рынка на основе отдельной программы. С 1 апреля стартует республиканский конкурс с призовым фондом $1 млн по направлениям «Электронное правительство», «Программы для бизнеса», образования. Также 50 лучших программ, созданных молодежью в регионах, будут закуплены за счет средств фондов цифровизации. Глава государства подчеркнул необходимость создания дополнительных условий для привлечения заказов из-за рубежа. В связи с этим в IT  Park будет создан Центр цифровых финансовых технологий для иностранных компаний.",2023-02-23
В IT Park прошла встреча с экспортоориентированными IT-компаниями,"24 февраля в Ташкентском филиале  IT   Park  прошла встреча директора  IT   Park  Фархода Ибрагимова с компаниями—резидентами-экспортёрами организации. Цель мероприятия — обсжудение  текущего состояния экспорта IT и BPO -услуг и меры по увеличению  IT- экспорта в Узбекистане.  В ходе встречи, Фарход Заирович поделился некоторыми статистическими данными о текущем состоянии экспорта. Так, по данным за прошлый год, объем экспорта  IT -услуг составил $140 млн., около 48% экспорта приходится на компании-разработчики программного обеспечения, а чуть более 44% приходится на компании, занимающиеся аутсорсингом бизнес-процессов. Кроме того, более 80% экспорта приходится на рынок США, но есть много других потенциальных рынков, включая Европу, Канаду и страны Востока. «К сожалению, основная часть экспорта ведется из Ташкента, а значит, нам нужно сосредоточиться на дальнейшем увеличении экспорта и из других регионов. Как вы все знаете, Президент поставил перед нами задачу увеличить экспорт  IT -услуг до $300 млн. Я уверен, что совместными усилиями и знаниями мы сможем разработать эффективные стратегии для увеличения экспорта и внести свой вклад в развитие  IT -индустрии в Узбекистане»,  - отметил директор  IT   Park . По окончании основной части, стартовала сессия вопросов и ответов. Представители некоторых компаний-резидентов поделились историями успеха в экспорте, а также обменялись предложениями, как совместными усилиями можно достичь поставленной задачи.  Кроме того, компании рассказали о препятствиях, с которыми они столкнулись. В частности, были затронуты жилищные проблемы при релокации и повышение цен на жильё. Среди предложений были озвучены льготы для растаможки и просьба участвовать в официальных визитах в сфере IT в зарубежные страны.  ",2023-02-24
Новые возможности сотрудничества с ВУЗами Канады,"21 февраля офис  IT   Park   Uzbekistan   посетила советник по развитию бизнеса  службы  торговых представителей посольства Канады Конышева Александра Николаевна.  Цель визита — обсуждение возможности сотрудничества в сферах образования и развития предпринимательства в отрасли информационных технологий.  Гостью встретили  начальник отдела Международных отношений 
Нигора Мирджалилова и менеджер по международным кооперациям Умида Одилова.  В ходе встречи представители IT Park рассказали про предпринимаемые меры правительством для трансформации страны как регионального IT-хаба.  Нигора Мирджалилова рассказала об основных направлениях деятельности IT Park, а именно: о поддержке и инициативах, которые исходят от правительства Узбекистана для развития  IT -сектора в экономике, программах развития  IT -образования и поддержки предпринимательства в сфере  IT , а также проектах, реализуемых совместно с иностранными организациями в рамках международного сотрудничества. Стороны обсуждали свободную экономическую зону, которую  IT   Park  предоставляет своим компаниям-резидентам, и работу по реформированию  IT -образования и созданию критической массы молодых  IT -специалистов.  Представителю посольства был также представлен онлайн-университет  IT   Park   University .  Александра Николаевна отметила популярность онлайн-программ обучения в университетах Канады  и  предложила рассмотреть сотрудничество с канадскими ВУЗами, специализирующимися в области информационных технологий.  Подводя итоги встречи, Александра Николаевна выказала готовность поддержать организацию совместных програм между ВУЗами Канады и первым онлайн-университетом Узбекистана  IT   Park   University.",2023-02-22
Узбекистан претендует на премию GSMA Government Leadership Award!,"Узбекистан вошёл в шорт-лист претендентов на Премию GSMA! GSMA Government Leadership Award — ежегодная премия, которая вручается одному правительству, внедрившему передовую цифровую политику и регулирование в области телекоммуникаций.  На награду в этой категории претендуют страны, которые показали положительные тенденции развития рынка связи через поддержку принципов прозрачности, конкуренции и регуляторной независимости. В шорт-лист 2023 года вошли правительства Индии, Иордании, Туниса, Узбекистана и Замбии. Победитель будет награждён на всемирном мобильном конгрессе Mobile World Congress (MWC), который пройдёт c 27 февраля по 3 марта в городе Барселона, Испания. В этом году награждение состоится во время сессии под названием «Лидерство для будущего подключения» (с 14:30 до 15:45 по центральноевропейскому времени). Отметим, что за последние несколько лет Узбекистан добился больших успехов, стремясь стать лидером в области цифровых технологий в регионе СНГ. В конце 2020 года в стране стартовала программа «Цифровой Узбекистан – 2030», нацеленная на предоставление качественных и недорогих услуг интернета и мобильной связи, сокращение цифрового разрыва между городами и селами. В рамках программы все обязательные платежи осуществляются через предоставляемые сервисы онлайн-платежей. Более 400 информационных систем, электронных сервисов и других программных продуктов по различным направлениям социально-экономического развития также выполняются в автоматическом режиме. Кроме того, Узбекистан первым среди стран СНГ предоставил спектр для 5G. В общей сложности 300 МГц были выделены трём операторам мобильной связи в диапазоне 3,5 ГГц, что даёт каждому из них по 100 МГц среднего диапазона частот.",2023-02-22
Визит делегации Европейского парламента в IT Park,"22 февраля 2023 года ташкентский филиал  IT   Park   Uzbekistan  посетили депутат Европейского парламента Илхан Кючук, помощник депутата Европейского парламента Валентин Тончев и директор аналитического центра «Совет европейского соседства» Сэмюэль Довери Вестербье. Цель визита — ознакомление с ходом политических и социально-экономических реформ в стране и обсуждение возможностей сотрудничества в сферах информационных технологий. Гостей со стороны Министерства цифровых технологий Республики Узбекистан встретили начальник департамента внешнеэкономической деятельности Алишер Акрамов, начальник отдела коммутации и систем передач Обид Асадов, а со стороны IT Park — первый заместитель директора Абдулахад Кучкаров и начальник отдела международных отношений и привлечения инвестиций Нигора Мирджалилова.  В ходе встречи гостям рассказали о деятельности IT Park и его вкладе в развитие IT-индустрии в Узбекистане. Также им рассказали о резидентах IT Park, в том числе о типах компаний и проектах, которые там разрабатываются, и представили обзор сектора BPO в Узбекистане. На встрече стороны обсудили возможное сотрудничество с представительством филиала IT Park в немецком городе Хайдельберге. После основной части встречи гостям провели экскурсию по филиалу IT Park в Ташкенте и учебным центрам для лиц с особыми потребностями. Илхан Кючук отметил особые успехи Узбекистана в создании благоприятных условий для развития  IT -отрасли Республики, а также выразил благодарность за возможности, которые предоставляются молодёжи с целью развития современного общества.  В дальнейшем IT Park Uzbekistan надеется наладить сотрудничество с Европейским парламентом, а также организовать несколько совместных проектов в том числе и в сфере информационных технологий.",2023-02-24
Пресс-конференция: чего достиг IT Park за 2022 год?,"23 февраля в Агентстве информации и массовых коммуникаций прошла пресс-конференция, посвящённая итогам деятельности IT Park за 2022 год и Президентскому конкурсу на $1 млн. В конференции приняли участие заместитель министра цифровых технологий Рустам Каримжонов,  советник министра  Камола Собирова, пресс-секретарь министерства Шерзод Ахматов, директор IT Park  Uzbekistan   Фарход Ибрагимов, первый заместитель директора Абдулахад Кучкаров, заместитель директора по инновациям Жахонгир Раджабов, заместитель директора по развитию цифрового образования Махлиё Муксинова, начальник отдела коммуникаций Джамиля Халибаева и другие. Рустам Каримжонов выступил с речью, в которой рассказал о мероприятиях по созданию экосистемы цифрового образования, привлечению населения и молодёжи в эту сферу и поддержке их интересов.  Так, на сегодняшний день IT-вузы, такие как Ташкентский университет информационных технологий имени Мухаммада ал-Хоразми и 6 его филиалов, Университеты Инха и Амити в Ташкенте готовят более 29 тысяч высокообразованных кадров по более чем 35 специальностям. В 2023 году в случае трудоустройства своих выпускников в компании, экспортирующие IT-услуги, будет разработан механизм субсидирования учебных центров до 25 млн сумов на каждого специалиста и до 35 млн сумов на молодых людей с инвалидностью. Кроме того, будут приняты меры по внедрению системы отбора талантливой молодёжи, дополнительного обучения и подготовки к международному рынку труда. Советник  министра по развитию информационных технологий и коммуникаций Узбекистана Камола Собирова  отметила, что значительно увеличилось присутствие женщин в  IT -сфере Узбекистана. Так, за последние годы были реализованы проекты, направленные на поддержку женщин и женских инициатив, такие как:  Tumaris . Tech ,  IT-клуб для женщин «GAP»,   Skills4Girls, Digital Internship Program. В дальнейшем планируется ещё больше программ, нацеленных на реализацию женщин в обществе и в частности в  IT , подчеркнула она.  В ходе мероприятия также выступил глава  IT   Park  Фарход Ибрагимов. Он отметил, что сегодня деятельность IT Park выводит страну на новый этап развития, а 2022 год отметился для IT Park особыми успехами и достижениями. В 2022 году IT Park совместно с компанией EPAM запустил первый онлайн-университет  — IT Park University, где студенты могут обучиться  современным и востребованным профессиям в сфере IT. В 2022 году вIT Park University поступили 399 человек, из них 84% (326 студентов) - на степень получения Бакалавра. Остальные 16% поступили на изучение основ, то есть Foundation. Во втором квартале 2023 года IT Park University запус тит  программу международных стажировок, отправив первую группу лучших студентов в Литву, Латвию и Польшу. При поддержке Министерства цифровых технологий IT Park запустил программу , с помощью которой можно получить до 50% компенсации суммы, затраченной на получение международного IT-сертификата. IT Park компенсирует международные сертификаты таких компаний как “CISCO”, “SAP”, “Microsoft”, “Google”, “Coursera”. В 2022 году количество компенсаций превысило 500 сертификатов. Из них 15 процентов были женщины, 85 процентов мужчины.  Молодым людям, которые хотят получить IT-образование, но не имеют средств на посещение курсов, будут выдаваться образовательные кредиты . Более того, выпускники  образовательных учреждений, являющихся резидентами IT Park, могут получить беспроцентные кредиты  для приобретения компьютерной техники. Кроме того,  в 2022 году в 20 5 IT-Центрах IT Park прошли обучение более  46 400 учащихся. А всего количество обучившихся составило более 128 000. Также, по всей Республики более 33 000 государственных служащих прошли курсы повышения квалификации в области информационных технологий, из них более 17 000 прошли курсы повышения квалификации в 2022 году. Одной из главных новостей прошлого года стало завершение первого этапа строительства комплекса IT Park. К  сентябрю 2022 года реализованы 6 офисных зданий, конференц-зал и автостоянка на 1800 машин.  Также в 2022 году состоялось открытие филиалов IT Park в 2 регионах: Кашкадарьинском и Хорезмском. Общее число филиалов на сегодняшний день составляет 11. В апреле 2022 года IT Park совместно с USAID при поддержке Министерства цифровых технологий запустил IT Women — Karakalpakstan —  программу   обучения женщин и девушек в Каракалпакстане информационно-коммуникационным технологиям. В рамках проекта, 60 женщин и девушек прошли бесплатное обучение (30 женщин обучились на курсах по графическому дизайну и 30 — по SMM). В июне 2022 года был запущен совместный проект  IT Park и ЮНИСЕФ «Skills4Girls» — программа для IT-обучения девочек от 12 до 18 лет, включая девочек с различными формами инвалидности. 2 декабря 2022 года состоялось завершение проекта . В рамках программы по повышению цифровой грамотности девочек «Skills4Girls» обучились 214 участниц, включая 70 девочек с инвалидностью. 19 июля в Ташкенте стартовал новый проект  — IT-клуб для женщин «GAP», ц ель которого  —  исчерпать проблему присутствия женщин в IT-отрасли. В рамках клуба уже прошли три встречи, на которые также были приглашены специальные гости и эксперты. С ноября по декабрь в Ташкенте проходила программа  «Digital Internship Program» (DIP) — стажировка для женщин-выпускниц IТ и молодых специалисток начального уровня. В рамках программы, 53 девочки получили возможность стажировки в IT-компаниях. Из них 23 девушки устроились на работу, а остальные смогли продлить стажировку в компаниях.  В Бухарской области был реализован совместный проект IT Park и IT-академии Astrum в рамках программы ОБСЕ по повышению квалификации в области IT-навыков и цифрового маркетинга для женщин-предпринимательниц. Благодаря программе 150 женщин-предпринимателей были обучены информационным технологиям и компьютерной грамотности, а 90 участниц допущены ко второму этапу повышения квалификации по IT-инструментам в электронной коммерции и цифровом маркетинге. Кроме того, запущена финансирующая организация — Центр развития IT-знаний (IT Bilim) и платформа Центра — bilgi.uz. IT Bilim выделяет целевые займы для развития деятельности (для образовательных резидентов IT Park) и обучения IT-специальностям (для всех желающих), а платформа bilgi.uz создана с целью локализации в едином электронном пространстве всех участников проекта — то есть, молодежи, желающей получить знания в сфере IT, в том числе нуждающейся в финансовой поддержке; образовательных учреждений; соискателей (министерства, ведомства, коммерческие банки и т.д.) и самой финансирующей организации. Июнь 2022 года стал знаменательным для стартап-индустрии страны: один из крупнейших проектов IT Park, направленный на развитие и поддержку женских стартапов Tumaris.Tech, стал победителем Всемирного саммита по Форуму информационного общества 2022 (WSIS 2022). Проект был реализован совместно с USAID, а в 2022 году вышел на центральноазиатский этап. Успех женского проекта был отмечен международным призом: в этом году «Tumaris.Tech» назван лучшим международным проектом в области «Capacity building» со стороны Международного союза электросвязи (ITU). За всё время существования проекта: более 200 обучившихся IT-курсам; 113 стартап-проектов; 70 обученных инвестициям; 30 подготовленных трекеров; 68 разработанных прототипов на хакатонах.  Кроме того, в 2022 году в Узбекистане открылся  технологический центр глобальной инновационной платформы «Plug and Play» и был объявлен первый набор на участие в акселераторе, что стало большим событием для стартап-экосистемы Узбекистана. Данный акселератор является одним из первых инвесторов таких стартапов-единорогов, как PayPal, Dropbox, Shippo и другие. Кроме того, Plug and Play сотрудничает с глобальными корпорациями как Mercedes Benz, Procter&Gamble, Bosch и другие. Начиная с марта этого года, Plug and Play будет ежегодно проводить 2 программы акселерации, нацеленных на вывод местных стартапов на глобальные рынки. Совместно с Правительством ОАЭ был успешно реализован конкурс среди студентов и школьников на лучшие мобильные приложения для государственных услуг. В конкурсе приняли участие более 100 команд со всего Узбекистана, а первые три места выиграли в общей сложности $100 000. Важно отметить успех победителей данного конкурса, некоторые команды уже внедряют свои решения в государственные органы, а команда Don’t Waste вошедшая в топ 7 местного mGovAward, заняли 2 место среди 1000 команд со всего мира на глобальном конкурсе M-Gov Award, организованным в рамках Всемирного Саммита Правительств и удостоились награды в $136 000. Что касается инвестиций, то за 2022 год стартапам удалось привлечь инвестиции на сумму $15 млн. Стартапы из Узбекистана как Billz, Tass, Iman, Coozin, GrowyMe начали свое активное расширение на международные рынки. Совместно с Aloqabank и AloqaVentures был проведен корпоративный акселератор AloqaTechLab, на котором приняли участие 52 стартапа, а по итогам программы 7 компаний получили инвестиционное предложение от AloqaVentures, а 3 из них (The Mind, Beautify, Cradle) уже получили венчурное финансирование на общую сумму $250 000. Помимо участия на AloqaTech Lab, стартапы IT Park в 2022 году приняли участие на крупных международных акселерационных программах таких как: 500 Georgia, Google for Startups и др. В целом же за всё время существования IT Park в программах инкубации и акселерации, конкурсах и хакатонах приняло участие 350 стартапов, Инкубационных центров по всей республике сейчас 41, а мероприятий проведено более 1400. Стартап-направлению уделяется особое внимание со стороны правительства Узбекистана. В подтверждение слов можно привести новый конкурс на приз Президента Республики Узбекистан “President Tech Award”. Конкурс за звание лучших стартап-проектов по направлению цифровых технологий с общим призовым фондом в $1 000 000 будет разделен на основное и специальное направление. Основное направление включает в себя 5 категорий: «Технологии на основе искусственного интеллекта», «Цифровые технологии в социальной сфере», «Технологии в сфере информационной и кибербезопасности», «Предпринимательство и финансовые технологии», «Компьютерные и мобильные игры». Призовой фонд будет распределяться следующим образом: 1. Для каждой категории основного направления: · 1 место - $100 000; · 2 место - $50 000; · 3 место - $30 000. 2. Для Гран-При Хакатона (специальное направление) — $100 000 (один победитель). Это уникальная и захватывающая возможность для участников для создания цифровых решений всего за 72 часа. Регистрация будет доступна с 1 мая по 1 июля через платформу awards.gov.uz. В соревнованиях могут принять участие команды из 3-8 человек (по основному направлению) и 3-5 человек (по специальному направлению). В основном направлении конкурса могут принимать участие исключительно граждане Республики Узбекистан, а в специальном — также иностранные граждане, являющиеся сотрудниками резидентов IT Park. Участвовать разрешается только по 1 выбранной категории основного направления, а также в специальном направлении. Участие является бесплатным. Процесс оценки будет проводиться независимой компанией с большим международным опытом в области развития стартапов. Победители основных направлений конкурса будут определяться путем общественного голосования, а Хакатона (специального направления) со стороны независимой организации. В целях обеспечения прозрачности и открытости все этапы данного конкурса, будут проводиться на специальном портале. В стране продолжается активное уделение внимания развитию  IT- отрасли и созданию благоприятного климата для местных компаний, а также для привлечения иностранных компаний. Стоит отметить, что с 1 апреля 2022 года резиденты IT Park получили дополнительные льготы и преференции. специалистам и инвесторам, а также зарубежным учредителям резидентов IT Park предоставлена возможность получения 3-годичной IT Visa; снижена ставка налога на прибыль с дивидендов иностранных учредителей IT Park — с 10% до 5%; привлечение иностранных специалистов без получения разрешительных документов на право осуществления работы на территории Узбекистана; право выплачивать дивиденды и зарплату своим иностранным учредителям и специалистам в инвалюте на дебетовые карты — в рамках поступлений от экспорта работ/услуг; услугой виртуального офиса, что даёт возможность организовать удалённую работу сотрудникам и освобождает компанию от аренды офисного помещения. Кроме того, использование виртуального офиса не является основанием для отнесения компании к категории высокого налогового риска. Также для создания дополнительных удобств, внедрена услуга регистрации юридического лица под ключ «OneStopShop», которой уже успели воспользоваться более 100 компаний.  К концу 2022 года количество компаний-резидентов IT Park достигло отметки 1122 (Ташкент — 804, регионы — 318). Из них: экспортёры — 324; BPO — 151; образовательные — 207; компании с иностранным капиталом — 165. Объем оказанных IT-услуг на конец 2022 года составил 5,1 трлн. сумов, объем экспорта - $140 млн., из которых на экспорт BPO-услуг пришлось  $ 65,1 млн. Количество сотрудников, осуществляющих свою деятельность в компаниях-резидентах IT Park,   составило   18 000.  Кроме того, в 2022 году в республике было открыто 17 BPO-центров, в которых трудоустроены более 450 сотрудников. В феврале IT Park запустил масштабную программу TashRush — программу релокации с рядом бесплатных услуг (иностранным компаниям и IT-специалистам оказывается поддержка в открытии юр.лиц и банковских счетов, поиске жилья, офисов и подборе персонала). Благодаря программе более 3000 зарубежных IT-специалистов релоцировались в Узбекистан. Параллельно   с   TashRush ,  IT   Park   запустил   IT   Visa .  Она даёт беспрепятственный въезд и выезд на территорию Узбекистана до 3 лет. По итогам 2022 года общее количество рассмотренных заявок составило 373. Из них, 250 заявок от IT-специалистов, 117 заявок от учредителей резидентов IT Park, 6 заявок от инвесторов.  Согласно общему заключению экспертного   совета всего были выданы 229 IT Card (рекомендации), предусматривающих последующее получение IT Visa для заявителей (Из них: IТ-специалисты - 163, Учредители резидентов IT Parkа- 63, Инвесторы - 3). Не остаётся в стороне и западный рынок:  16 ноября в Хайдельберге, Германия, состоялось  открытие представительства IT Park. Сотрудничество с немецкими IT- и логистическими компаниями поспособствует увеличению экспорта IT-услуг. На данный момент организация представлена в США, Латвии и Германии. Также, совместно со Всемирным Банком ведется работа над проектом “Uzbekistan Digital Inclusion”. Проект нацелен на развитие сферы BPO и создание дополнительных рабочих мест, и включает в себя несколько компонентов: обучение необходимым для трудоустройства цифровым и языковым навыкам молодежь Узбекистана, поддержка BPO компаний, развитие инфраструктуры в регионах, и продвижение Узбекистана как новой аутсорсинговой локации на мировом рынке. В январе 2023 года прошёл хакатон «Open Data Challenge», организаторами которого выступили IT Park совместно с Координатором проектов ОБСЕ в Узбекистане и IT-компанией Virtual Group при поддержке Агентства статистики при Президенте Республики Узбекистан, Агентства по противодействию коррупции и Akfa University. В сфере развития стартап-экосистемы пройдут и другие мероприятия. В феврале планируется  проведение Students Cup. На весну намечено проведение  выставки TumarisTech , а уже в мае начнется President Tech Award. Не остаётся в стороне и IT-образование. В рамках форума «IT-Education» во время «Недели ИКТ» в 2022 году Министерство цифровых технологий Республики Узбекистан, IT Park и Coursera Inc достигли  соглашения , согласно которому с 2023 года 1,2 миллиона человек смогут бесплатно пройти онлайн-курсы по 5 основным IT-направлениям на образовательной платформе Coursera. Также, согласно проекту документа, узбекская сторона в 2023 году купит 10 тысяч единиц лицензий, позволяющих получить доступ ко всему контенту платформы.  В рамках проекта IT Bilim в 2023 году планируется оказать финансовую поддержку в оплате за обучение в сфере IT, порядка 3500 желающим в возрасте от 16 до 35 лет. А также оказывать финансовую поддержку образовательным учреждениям, при условии качественного обучения и содействия в трудоустройстве стипендиатам, закончившим обучение. По проекту компенсаций международных IT сертификатов до 50% для молодежи в 2023 году планируется компенсировать более 3 000 сертификатов для молодых людей Республики Узбекистан на сумму около 4 млрд. сум. Планируется ввести программу стимуляции образовательных учреждений — данный механизм будет подразумевать существенные выплаты образовательному резиденту за каждого трудоустроенного выпускника. В рамках реализации образовательных проектов планируется создание более 1000 новых рабочих мест для молодых людей Узбекистана. Что касается объёма экспорта, то в 2023 году планируется довести объём экспорта резидентов до $ 30 0 млн  Это станет возможным благодаря подготовке квалифицированных специалистов, а также увеличению числа экспортеров. IT Park продолжит работу над усилением имиджа Узбекистана как Центральноазиатского IT-хаба, включая участие на международных конференциях и привлечение крупных международных IT-компаний. Кроме того, в 2023 году планируется повысить осведомленность об Узбекистане как о новой BPO-локации, привлечь больше BPO-заказов и BPO-компаний.   В целях повышения экспортного потенциала, а также для привлечения иностранных  IT - компаний на рынок Узбекистана, IT Park планируется расширение видов деятельности резидентов. Добавляется вид деятельности по направлению креативной индустрии (графический дизайн, веб-дизайн, 3D дизайн, визуальный дизайн, моушен дизайн и др.). Так как, креативная индустрия стремительно развивается и растёт большой спрос в мире, IT Park в свою очередь, будет поддерживать компании, работающие в этой области, а также планирует обучать молодых людей в этой области и предоставлять им возможность в трудоустройстве на высокооплачиваемую работу. Также Глава нашего государства подчеркнул необходимость создания дополнительных условий для привлечения заказов из-за рубежа. В связи с этим поставлена ​​задача создать в IT  Park  Центр цифровых финансовых технологий для иностранных компаний. ",2023-02-24
Запуск IT Сообщества Узбекистана,"4 марта в Ташкентском Государственном Экономическом Университете в 15:00 состоится церемония открытия  IT Сообщества Узбекистана. IT Сообщество создано с целью объединить IT профессионалов и всех, кто интересуется этой сферой в одном месте. Участники сообщества могут найти интересующуюинформацию в сфере IT; обменяться знаниями и опытом; построить карьеру; найти команду для проекта; обсудить идеи; получить помощь и поддержку, и даже найти наставника. В ходеофициальной церемонии открытиявыступят 6 спикеров: Алёна Владимирская — бывший Head of Recruitment в Mail.Ru Group и обладатель премии HR — бренд года. Её называют главным хэдхантером Рунета ; Акмальжон Мусаев – CEO в HyperApp, менеджер проектов и основатель стартапов, соучредитель и руководитель проекта GAMEFALL в Ташкенте, Узбекистане и США; Бобур Раджабов – технический предприниматель, владелец сети учебных центров, генеральный директор в EverbestLab; Леонид Черный – исполнительный директор по данным компанииUZUM, известный топ-менеджер, участвовавший в создании и развитии продуктов таких компаний как MegaFon, Rambler, Yandex, Mail.ru Group ;  Мунира Бекмурадова – cтарший инженер-программист и лидер сообщества в Toptal; Шавкат Каримов – глава IT С ообщества Узбекистана, SEO-специалист, ментор, инвестор. Спикеры поделятся с участниками встречи секретами своего успеха, которые позволили им проложить собственный путь к IT-вершинам . Сессии пройдут на английском языке. Участие бесплатное. Зарегистрироваться на мероприятие можно до 3 марта 18:00 по ссылке:   Количество мест ограниченно!",2023-02-25
"Female Startup: площадка для тех, кто ценит время","Запустить интересный стартап под силу каждому, независимо от образования, сферы деятельности и пола. Это мы доказываем на примере проектов, о которых рассказываем в рубрике  Female   Startup . Сегодня в гостях у рубрики Со- Founder ,  Product   owner  маркетплейса  Happy . kg , Айпери Парханова из Кыргызстана. С чего всё началось? Айпери 33 года. Она работает в  IT -компании. Идея запустить подобный проект, по воспоминаниям героини, появилась год назад.  «В 2022 году мы задумались о тенденции развития электронной коммерции. Понимали, что современные клиенты очень ценят своё время,которого с каждым днём, учитывая наш бешеный ритм жизни, становится меньше.Сейчас покупатель не готов тратить его на скроллинг объявлений о купле-продаже». Happy . kg  — маркетплейс, предоставляющий возможность клиентам покупать товары в рассрочку, не приходя в офис банков и магазины. Сами основатели называют его «счастливый маркетплейс».  Проект был создан с целью дать покупателю возможность экономить время на онлайн-шоппинге,не тратя его на поиск предложений по всему интернету,и делая покупки в одном месте. Главным ориентиром Айпери называет общество. Основная цель Happy.kg — создать современную и качественную торговую площадку, которая будет удовлетворять всем потребностям нынешнего темпа жизни, предоставление возможности купить клиентам всё, что нужно, в одном месте, экономя время, которого у потребителей с каждым днём все меньше.  «ПользователямHappy.kgне нужно проводить часы в очередях в банках и сталкиваться с тоннами бюрократии.Теперь можно оформить покупку в кредит или рассрочку,выбрав подходящий вариант из нескольких предложенных». Развитие маркетплейсов, отмечает девушка, позволяет расширить покупательские возможности для потребителей и увеличить продажи для поставщиков с меньшими затратами. «Наша основная миссия состоит в том, чтобы внести свой вклад в развитие электронной коммерции в странах СНГ. Мы нацелены на сервис и безопасность, уверенность в качестве и подлинности товара. Мы создаём комфорт для покупателя и возможности для бизнеса! А широкий ассортимент и возможность сравнить множество продавцов на одном сайте — дополнительный приятный бонус». Сейчас в команде проекта задействовано около20человек — это не толькоIT-разработчики,но и менеджеры,бухгалтеры,юристы,колл-центр и отдел маркетинга.  Айпери — Со-founder, Product owner, занимается стратегическим развитием продукта Бакыт — Co-founder, Технический директор Команда разработки — 5 человек Команда, работающая с маркетингом, коммуникациями, SMM, дизайном — 3 человека Операционная работа (юрист, бухгалтер, контент, колл-центр, курьер) — 10 человек. При запуске стартапа невозможно обойтись без трудностей. Самым тяжёлым в работе над проектом, по словам Айпери, стало выстраивание процессов  —  необходимо было наладить взаимодействие между поставщиками, покупателями и финансовыми институтами.  Другая сложность заключалась в поиске сотрудников. «Несмотря на то, что сейчас на рынке все больше специалистов со всеми ключевыми компетенциями, были сложности с поиском и отбором членов команды Happy.kg. Для нас важны не только наработанный опыт и  hard  skills, но и то, насколько амбиции и ценности сотрудника совпадут с нашими». Однако трудности не помешали команде осуществить задуманное. За полгода команде удалось разработать платформу маркетплейса сразу с несколькими вариантами оплаты, в том числе, через мобильные онлайн-кошельки.  «На начальном этапе работы мы привлекли так называемого «бизнес-ангела»  —  частного венчурного инвестора, оказавшего нам финансовую и экспертную поддержку. В декабре 2022 года мы запустили  Happy .kg в тестовом режиме, и всего за месяц достигли оборота в более чем $30 тысяч. Оценивая результаты, мы можем открыто и без притворства сказать, что мы достигли очень хорошего результата и продолжаем уверенно двигаться вперед». Сейчас, добавила девушка, активно ведётся поиск инвестора на второй этап инвестирования, так как в будущем проект планируется масштабировать и охватить все страны СНГ. «Сейчас индустрия стартапов развивается активно, что положительно влияет на развитие других сфер деятельности и в первую очередь цифровизацию бизнеса, оптимизацию процессов. Самое главное, что  IT -стартапы нацелены на вывод своего продукта, не привязываясь локально к странам, а могут масштабироваться в разных странах и даже континентах». Айпери уверена, что не существует сферы, о которой можно однозначно сказать, что стартаперам в ней не место. Бизнес постоянно развивается, конкуренция на мировом рынке растёт, поэтому классический подход должен меняться, чтобы соответствовать новым, более высоким требованиями и желаниям пользователей. «Я считаю, что самое важное для новичков в этой сфере  —  это вера в свой продукт. Если она присутствует, это сразу даёт стартапу преимущество, выделяя его на общем фоне». Самой Айпери когда-то также помогло участие в программе  Tumaris . Tech . «Участие в проекте оставило самые положительные впечатления. Благодаря  Tumaris . Tech  мы смогли по-новому взглянуть на наш продукт и на наши процессы. В результате обучения мы выявили новый вектор для развития, которому мы и следуем сейчас. Я очень рекомендую начинающим стартаперам принимать участие в подобных проектах. А ещё желаю верить в свой продукт, упорно работать и проявлять гибкость, ведь это сильные стороны стартапа».",2023-02-27
Edusession: Сроки и бюджет при разработке IT-проектов,"3 марта в 18:00  в  Ташкентском Государственном экономическом университете пройдёт очередная встреча в рамках  Edusession .  Тема новой сессии — «Считай, планируй, предупреждай! Как укладываться в сроки и бюджет при разработке IT-проектов?» Спикером мероприятия выступит  CEO студии web-разработки INDEXIS Дмитрий Талызин. Во время сессии он расскажет про: выявление стейкхолдеров; сбор требований; выбор команды проекта; планирование сроков и бюджета; контроль производительности команды; фасилитация трудных задач; правильное завершение проекта. Встреча пройдёт на русском языке. Участие бесплатное, приём заявок продлится до 2 марта по ссылке:  Дмитрий Талызин работает в сфере  IT  17 лет. Он разработал больше 200 проектов, кандидат технических наук, жюри российских конкурсов по web-разработке. Среди его работ значатся:  Стартапы            E-commerce:             Информационные порталы:     Корпоративные сайты:        ",2023-02-27
Акселератор 500 Georgia принимает заявки!,"Открыт приём заявок на 4-ю волну акселератора 500 Georgia. 500 Georgia — это первая международная акселерационная программа в Грузии, сочетающая в себя как очный, так и виртуальный компоненты, предназначенная для развития предпринимательства, поддержки в развитии технологической экосистемы, подключения к международным сетям и помощи участвующим командам в привлечении инвестиций. Программа предназначена для технологических стартапов из стран Балтии, Восточной Европы, Центральной Азии и прилегающих стран, в том числе Узбекистана, которые находятся на ранней стадии ( pre - seed ,  seed ) и MVP, желающих получить менторство и иметь возможность присоединиться к 500 Global portfolio! Основателям стартапов программа предлагает: специальное наставничество и индивидуальная программа в течение 12 недель; возможность получить инвестиции в акционерный капитал для выбранных стартапов; возможность международного погружения, чтобы помочь подготовиться к трансграничной экспансии; доступ к глобальной сети основателей 500 Georgia, общественным мероприятиям, партнёрам и многому другому. Подать заявку на участие можно до 3 марта по ссылке:  .",2023-02-22
"Startup Story: Проект, помогающий совершить покупку без человеческого фактора","Рубрика ,  удостоившаяся внимания наших читателей « Startup  Story » продолжает знакомить читателей с успешными проектами, участвовавшими в ряде стартап-программ. Сегодня в гостях у  IT   Park  — 25-летний Шахзод Умирзаков, который одним из первых из Узбекистана принял участие в венчурном фонде  Global »  и сумел привлечь инвестиции в размере $100 000. Шахзод Умирзаков является основателем и соучредителем стартап компании,  TASS   Vision   Inc . Стартап-компания  TASS   Vision  предоставляет услуги по аналитике в ритейле (анализ трафика посетителей и полок, определения пола и возраста покупателей) через Искусственный Интеллект.  TASS   Vision  уже охватил 60% рынка Узбекистана, 6% Киргизстана и 1,5% Рынок Казахстана работая с крупными сетевыми ритейл компаниями.  Недавно наш герой стал победителем конкурса венчурного фонда и стартап-акселератора 500 Global , проходившего в Грузии, и смог получить инвестиции в размере 100 тысяч долларов США в первые в истории  Global  стартап из Узбекистана. 500  Global — это венчурная компания с общими активами в размере 2,7 миллиарда долларов, которая инвестирует в быстрорастущие технологические предприятия. В его портфолио входят 49 компаний стоимостью более 1 миллиарда долларов и более 150 компаний стоимостью более 100 миллионов долларов. Как возникла идея запуска стартапа? В 9 классе наш герой во время летних каникул работал кондуктором в автобусе. Именно в это время он понял, что сумма денег, поступающая от количества людей в день, невелика, и начал развивать другой вертикальный бизнес для решения этой проблемы, а именно стартап  UniBus  (позже  Passenger   Transit ). Шахзод запомнил события того времени следующим образом: «Я помню, как за несколько дней поступало более 20 звонков. Когда мы запустили стартап  UniBus , к нам поступили заказы от 12 автобаз. В каждом из них было не менее 10 автобусов. Из-за большого количества заказов нам удалось установить устройство только на 35 автобусах. Но через 2 месяца начались проблемы с этими устройствами. Разработчики не учли вибрацию, исходящую от автобуса, а мы торопились. Через какое-то время автобус, на который мы установили датчик, вышел из строя и возникли недопонимания. Хотя деньги, которые я получил от членов моей семьи для развития бизнеса, помогли мне на некоторое время, но позже из-за финансовых трудностей наша команда распалась. Следующая попытка была предпринята в проекте поддержки «Стартап-инициатив». Мы старались привлечь серьезных инвесторов. В качестве бизнес-ангела мы подписали договор с Бахтиёром Хасановым, основателем платформы  Bozor . uz . Мы не остановились на достигнутом и параллельно начали работу над проектом  T . A . S . S . ( TrafficAnalysisSystemandStatistics ). T . A . S . S . или  Traffic   Analytics   and   Store   System — это система, которая использует искусственный интеллект и автоматически классифицирует посетителей по полу и возрасту.  Благодаря этому проекту наш герой выиграл 10 тысяч долларов США как международный участник конкурса  Dar   Lab , проходившего в Казахстане. Затем они начали участвовать в различных конкурсах, чтобы расширить рамки проекта. На данный момент команда состоит из 20 человек, из них 6 разработчиков, 5 менеджеров по продажам, 2 менеджера по работе с клиентами, бухгалтер, остальные – отдел поддержки. Недавно команда приняла участие в акселерационной программе (в Грузии) 500 Global , сумев привлечь $100 000 инвестиций для проекта  TASS   Vision . Миссия проекта  Мы хотим трансформировать традиционную розничную торговлю в без кассовую систему технологий с помощью  Искусственного Интеллекта.  Магазины будущего за нами. Разработка системы, в которой люди могут получить то, что они хотят, автоматически, без очереди, наверняка будет популярной и многим понравится. Сейчас мы помогаем  B 2 B  сетевым ритейл компаниям улучшить эффективность магазинов и повысить продажи на 15%. В будущем мы поможем обществу избавиться от очередей на кассе и всегда давать беспроцентный кредит на покупку первой необходимости при недостаточных средствах, после того как наши клиенты пройдут скоринг. Это помогает людям не занимать деньги и не брать кредиты для удовлетворения своих повседневных потребностей и желаний . Мы хотим трансформировать традиционную ритейл индустрию с помощью технологии без касс, где люди могут взять всё что им необходимо и без очередей на кассе .  Наша технология автоматически рассчитывает стоимость приобретаемой покупателями продукции и выдает электронный чек . За последние 3 года мы получили инвестиции в размере $317 тысяч, а в апреле 2023 года планируем привлечь еще $500 тысяч. Каково развитие стартапов в Узбекистане? На мой взгляд, развитие стартап-индустрии Узбекистана пока в основном на уровне генерации идеи и их реализации. Но самое главное созданы все условия и льготы для поддержки стартапов. Нам понадобится около 5-10 лет ,  чтобы у нас тоже был “Единорог”. Мы тоже стремимся к этому показателю. Электронная коммерция также развивается ,  и в ближайшие годы она будет развиваться еще быстрее .  Проникновение смартфонов среди населения также быстро растет ,  что придает особое значение процветанию стартапов  B 2 C . Молодым предпринимателям я бы посоветовал сначала разработать идею с нуля, и только после тщательного её анализа применить на практике. Самое главное, не стоит рисковать в сфере ,  в которой вы не являетесь экспертом .  Поскольку это требует чрезмерных средств и ресурсов, а это в свою очередь снижает процент успеха.",2023-02-16
Визит узбекской делегации в ОАЭ,"С 13 по 15 февраля 2023 года делегация Министерства цифровых технологий Республики Узбекистан во главе с министром Шерзодом Шерматовым, а также делегация IT Park Uzbekistan во главе с директором Фарходом Ибрагимовым посетили с рабочим визитом Объединённые Арабские Эмираты. В ходе поездки они провели ряд встреч. Встреча с управляющим директором Dubai Internet City — Аммаром Аль Малик 14 февраля узбекская делегация  встретилась с представителями свободной зоны Dubai Internet City, который является одним из технологических центров и входит в состав TECOM Group. Управляющий директор Аммар Аль Малик рассказал, как в Dubai Internet City создаются благоприятные условия для всех отраслей промышленности, а также формируются сообщества, которые будут поддерживать их бизнес-потребности. Узбекской стороной был изучен опыт предоставления льгот, создание благоприятных условий для развития IT-компаний и опыт приватизации технопарка. Кроме того, был обсуждён ряд направлений сотрудничества между сторонами, в частности в реализации потенциала резидентов IT Park через Dubai Internet City. Встреча с руководителем Dubai International Financial Centre — Его Превосходительством Йессой Казимом 14 февраля делегация провела встречу с Его Превосходительством Йессой Казимом, председателем правления Дубайского международного финансового центра (DIFC). В ходе встречи было предложено изучить особую экономическую зону и стартап-экосистему, созданную в Дубайском международном финансовом центре, с целью применения данного опыта в условиях Узбекистана. Стороны договорились об обмене опытом по созданию специальных условий предоставления банковских услуг резидентам IT Parkа в части изучения и регулирования приоритетных вопросов применения норм «английского права» для резидентов. В рамках проработки вопроса сотрудничества IT Park Uzbekistan с DIFC проведена дополнительная встреча с руководителем одного из ответвлений DIFC  —  «Innovation Hub» господином Мухаммадом Аль-Блуши, который презентовал гостям деятельность хаба. В ходе встречи представителиDIFC «Innovation Hub» предложили в рамках создания «Инновационного финансового центра» при IT Park организовать специальный правовой режим (регуляторная песочница) в сфере финансовых технологий при сотрудничестве с Центральным банком Узбекистана. Они заверили, что готовы выступить внешним партнёром по развитию данной регуляторной песочницы в сфере финансовых технологий, а также направить специалистов в Республику Узбекистан. Встреча с генеральным директором канцелярии Премьер-министра ОАЭ  —  Его Превосходительством Абдуллой Лута 15 февраля 2023 года в рамках Всемирного правительственного саммита 2023 в Дубае состоялась специальная встреча с генеральным директором канцелярии Премьер-министра ОАЭ  —  Его Превосходительством Абдуллой Лута. На встрече стороны обсудили совместные успехи проектов «mGovAward» и «OMUC» (Миллион узбекских программистов). Представитель ОАЭ отметил, что сотрудничество в этих проектах выделяется среди проектов с другими странами и является наиболее успешным. При этом достигнута договорённость о развитии данных направлений в сфере информационных технологий, в том числе о развитии IT-предпринимательства и трудоустройстве молодых IT-специалистов. На данный момент ведутся переговоры о создании совместной программы сотрудничества на 2023-2024 годы.",2023-02-18
IT Park и АБР реализуют проекты в сфере образования,"15 февраля офис IT Park Uzbekistan посетили представители Азиатского Банка Развития. В составе делегации прибыли: господин Эисуке Тажима, специалист по образованию   отдел а  социального сектора, отделения Центральной и Западной Азии Фарида Джумабаева, специалист по гендерным вопросам и социальному развитию Постоянного Представительства в Узбекистане и руководитель проекта, специалист по проектам (образование и развитие навыков) Навбахор Шарипова.  Цель визита — обсуждение совместных  проектов по развитию уровня образования в Республике Узбекистан. Гостей встретили заместитель директора по развитию образования  Махлиё Муксимова ,  начальник отдела международных отношений Нигора Мирджалилова и главный менеджер по международным отношениям Сарвар Вохидов. Они   ознакомили делегацию Банка с макетом проекта  IT   Cluster , рассказав, какие работы были проделаны за последние 2 года, а также поделились планами по расширению строительных работ на следующие 2 года. Махлиё Муксинова провела презентацию по основным направлениям IT Park, а именно:   о поддержке и инициативах, которые исходят от правительства Узбекистана для развития IT-сектора в экономике, о человеческом капитале и потенциале Центрально-Азиатского региона, а также о молодом населении Узбекистана, вокруг которого реализуются вся стратегия совершенствования этой отрасли.  В ходе встречи были рассмотрены поддержка правительства по развитию IT и  BPO  ( Business   Process   Outsourcing ) и поставленная Президентом Республики Узбекистан задача по мерам дальнейшего развития благоприятного бизнес-климата. Стороны обсудили свободную экономическую зону, которую IT Park предоставляет своим компаниям-резидентам, работу по реформированию IT-образования и созданию критической массы молодых IT-специалистов, а также программы, запущенные в IT Park  — в частности,   проекты по  вовлечённости женщин в сферу  IT  и стартап-проектов. Господин Эисуке Тажима отметил потенциал Узбекистана с точки зрения человеческого капитала в  IT- сфере . Он подчеркнул, что  IT-сектор в Узбекистане развивается стремительно и отметил важность сотрудничества с Азиатским Банком Развития в сфере реализации проектов по развитию образования.",2023-02-17
Как прошёл второй Demo Day проекта «Tumaris.Tech»,"18 февраля 2023 года состоялся второй долгожданный Demo Day проекта Tumaris.Tech, на котором 13 команд презентовали свои бизнес-проекты. Программы инкубации и акселерации проводились на протяжении двух месяцев в онлайн-формате на русском языке. В рамках программ участницы получили образовательные и стратегические сессии с международными экспертами, трекерство с обученными специалистами, курсы по финансовой грамотности, воркшопы по построению личного бренда и тайм-менеджменту, консультации по интересующим вопросам и нетворкинг среди стартап-сообщества.  За образовательный контент программ в части спикеров отвечал партнёр Wonder Women. У комьюнити есть сильнейшая менторская программа Wonder Women Mentorship. Лучшие эксперты и опытные специалисты со всей Центральной Азии в таких сферах, как IT, маркетинг, предпринимательство, продакт-менеджмент, клиентский сервис и т.д., выступающие в качестве менторов, поделились знаниями в рамках инкубации и акселерации. Всего на участие в программу Tumaris.Tech было подано 87 заявок, из которых 47 были отобраны на Pitch Day, прошедший 9 декабря 2022 года. По результатам Pitch Day обучение в программе инкубации и акселерации продолжили 35 проектов. Дойти до Demo Day смогли 13 проектов: Engmarion — платформа по изучению английского языка и помощи в трудоустройстве; EasyStep — мобильное приложение по подготовке IT-специалистов; JanaOmir — платформа для развития, нетворкинга, личностного роста и заработка для женщин; IB Tutor — платформа, помогающая ученикам подготовиться к успешному выпуску с помощью предоставляемых 7 видов онлайн-материалов; Zabota.uz — маркетплейс обученных онлайн-консультантов; Albero — платформа для поиска будущей профессии и университета. IbnSino — решение для цифровизации бизнес-процессов рынка ДМС; Happy.kg — маркетплейс, предоставляющий возможность клиентам покупать товары в рассрочку, не приходя в офис банков и магазины; Event marketplace — сайт для поиска всего необходимого для организации своего мероприятия; Immuniguide — проект для точного, быстрого и массового определения состояния иммунитета человека без помощи врача; Mavi — сайт по поиску работы для лиц с инвалидностью; Vegan.uz — сервис производства и доставки веганских блюд и десертов; Birge — приложение, которое помогаюет справляться с проблемами, связанных с ментальным здоровьем. Членами жюри выступили локальные и зарубежные специалисты из Узбекистана, Казахстана и Кыргызстана, в состав жюри вошли: тимлид и Interim CTO компании Beelab LLC — Шохрух Алимов; основательница женского комьюнити Wonder Women — Рада Исламова; директор по развитию бизнеса в OOO ""Calypso Intelligent Solutions, а также основатель проекта ""Coozin"" — Артем Архангельский. Кроме того, по итогам проведённого Demo Day, 7 лучших проектов получили возможность посетить международную выставку стартап-проектов в Ташкенте, которая пройдёт 11 марта: IbnSino Happy.kg Immuniguide EasyStep Mavi Vegan.uz Birge",2023-02-20
Donʼt Waste: как спасти еду и помочь людям,"Рубрика «StartupStory» продолжает знакомить читателей с успешными проектами, участвовавшими в ряде стартап-программ. Сегодня в гостях у IT Park – участники стартапа «Donʼt waste», которые представляли Узбекистан на конкурсе «Best Global M-Gov Award», организованном правительством ОАЭ в рамках Всемирного саммита правительств, и получили приз в размере 500 000 дирхамов ОАЭ (136 000 долларов США). «Best Global M-Gov Award»  — это всемирный конкурс на разработку лучших мобильных приложений для государственных услуг, среди выпускников программы «Million Coders» и студентов, организованный Правительством ОАЭ. «DonʼtWaste» — проект, направленный на организацию эффективного использования продуктов питания и товаров народного потребления без их выбрасывания. Рабочий процесс проекта организован в следующих двух направлениях. Первое направление –  Будет увеличена определенная часть продуктов повседневного потребления в ресторанах, предприятиях общественного питания.Проект создаст возможность перепродать или пожертвовать эту съедобную пищу.В созданном мобильном приложении компании, подключенные к системе, будут появляться в пределах указанного адреса и выступать в качестве навигатора для нуждающихся в их поиске. Второе направление  – Предусматривает реализацию или некоммерческое использование просроченной продукции для животноводства и птицеводства. Направление, которое проект планирует запустить в будущем, — это сотрудничество с компаниями по приготовлениюудобрения для почвы, путем смешивания биохимических добавок с продуктами, пришедшими в негодность. «В настоящее время мы изучаем рынок Узбекистана.Нам нужен отличный маркетинговый план и продвижение, чтобы сделать этот проект успешным. Если мы сможем убедить клиентов и владельцев ресторанов в преимуществах проекта, то у нас появится возможность выйти на рынки Центральной Азии и мира. До выхода на мировой рынок необходимо прожить в этой стране определенный период времени и всесторонне проанализировать ее специфику, рыночную экономику и условия.Так мы думаем.Успех стартап-проекта тесно связан с экономическим развитием страны, а также с ценностями, поведением и платежеспособностью населения». Причины, побудившие создать эту идею, происходят на международной арене, рассказывают гости рубрики. Согласно отчету «FoodWasteIndexReport», ежегодно в мире выбрасывается около 1,5 трлн тонн продуктов питания и потребительских товаров. Кроме того, вредные газы, выделяющиеся из отходов производства, оказывают негативное влияние на окружающую среду.  «Исходя из этого, чтобы найти решение проблем, мы решили создать проект, который работает на практике. Поскольку мы работали в команде, мы не столкнулись с какими-либо трудностями в разработке и техническом аспекте проекта. Но довести его до практического готового проекта было немного сложно». Ранее команда не участвовала в акселераторах.Они накопили опыт выполнения командной работы по заданным темам. Они не посещали никаких подготовительныхили специальных курсов.О конкурсе «Best Global M-Gov Award» ребята узнали через Telegram-канал Университета Инха и подали заявку.  «В конкурсе MgovAward Uzbekistan 2022 нам удалось попасть в Топ-7. Мы не стали останавливаться на месте и это обстоятельство послужило толчком к работе над собой.Мы еще больше обогатили проект и отправили его для участия в международном этапе».  В конкурсе приняли участие 1027 стартап-проектов из более чем 60 стран мира. Проект «Donʼt waste» занял 2-е место среди них и был направлен на финансирование. Все ребята учатся на третьем курсе в университете INHA в городе Ташкенте. Состав команды следующий: Джавохир Шомуратов  — FullStack Developer, TeamLeader Азизулло Темиров  – ProductandProjectManager Валишер Алишер — UI/UX Designer Хусан Рашидов – Backend Developer Мехрол Базаров – DataAnalyst «Поскольку с нашей командой мы присутствовали только на церемонии награждения, у нас не было достаточно времени, чтобы подробно изучить стартап-экосистему в Дубае. Но мы точно знаем, что Дубай — отличное место для запуска, финансирования и управления стартапами». В настоящее время команда работает над реализацией проекта.  «Мы стараемся быть максимально эффективными при правильном распределении доступных ресурсов. Представители СМИ, которые изначальноне обращали внимания на наш проект, сейчас много раз обращаются к нам с просьбой рассказать о его системе работы и особенностях. Многие спрашивают: в чем ваш фактор успеха? Мы всегда отвечаем: не отступать даже после поражения».",2023-02-20
Как прошла первая встреча в рамках проекта Edusession  ,"17 февраля в 18:00 в Ташкентском филиале IT Park прошла первая встреча в рамках проекта Edusession на тему «Какие IT-решения актуальны на глобальном уровне?» Программа Edusession направлена наподдержку молодёжи, заинтересованной в том, чтобы стать частью глобального IT- сообщества, построить карьеру и начать зарабатывать.  Первым спикером в рамках программы стала управляющий партнёр AVDO Consulting, UK по Центральной Азии, глава представительства AVDO, совладелец консалтингового агентства по социологическим исследованиям и проектному менеджменту, совладелец рекрутингового агентства в сфере IT в Узбекистане Зухра Абдурахманова. Всего в мероприятии приняло участие более 50 человек. В ходе сессии спикер поделился своим опытом работы в качестве координатора международных программ и проектов в сфере высшего образования, Scholarships, Network development, Strategy development, Project management по проектам США.  Участники узнали про  FinTech ,  MedTech ,  AgriTech ,  BioTech ,  EdTech   и другие технологии, актуальные на глобальном рынке. Также они узнали, как понять, в какую сферу идти; как выявить, во что вложится инвестор; как выйти на тот самый глобальный рынок. Впечатлениями от мероприятия поделились несколько участников: Сергей Коломыченко — сотрудник рекламного агентства «Я давно хотел узнать про финтех-сферу, а эта встреча превзошла все мои ожидания. Во время сессии нам рассказали о перспективных направлениях, которые популярны на глобальном рынке. Я очень признателен IT Park и спикеру за проведение такого полезного и важного мероприятия. Это было очень полезно». Азиз Махмудов — начинающий стартапер и студент Вестминстерского университета в Ташкенте «Первая встреча в рамках проекта Edusession прошла очень интересно и продуктивно, поскольку спикер поделился с нами своим опытом работы. Зухра Абдурахманова рассказала нам многое про технологии и мне это очень понравилось. Особенно мне запомнилась сессия про ChatGPT и искусственный интеллект. Спикер рассказала, что многие бизнесы уже интегрируютего в работу, чтобы упростить свои задачи и решать запросы клиентов оперативнее. Как хорошо, что IT Park придумал такую программу для всех интересующихся сферу IT.В дальнейшем я планирую посещать и другие мероприятия в рамках Edusession». Дмитрий Матуа — CEO/Founder консалтинговой компании «Наша компания занимается консалтингом в области маркетинга. Сегодняшнее мероприятие было очень полезным для меня, поскольку на встрече была поднята именно тема консалтинга на международном уровне. Зухра описаласвои исследования в области IT, это было так интересно. Также понравилась тема ChatGPT. Для нас, как для инновационной компании, которая пытается внедрить это новшество, было полезно узнать детали. Спасибо за такие сессии с опытными спикерами». IT Park благодарит всех гостей сессии, следите за новыми событиями на официальных страницах организации! ",2023-02-21
Итоги визита миссии Всемирного Банка в Узбекистан,"Всемирный Банк и правительство Республики Узбекистан планируют запуск нового проекта  Uzbekistan   Digital   Inclusion . В связи с этим, делегация Всемирного Банка в составе старшего специалиста по цифровому развитию, руководителя группы Сандры Саржент, старшего специалиста по цифровому развитию, соруководителя проекта Михаила Бунчука и специалиста по транспорту, соруководителя проекта Мансура Бустони, и во главе с менеджером глобальной практики по цифровому развитию в регионах Центральной Азии и Европы госпожой Николь Клинген прибыла в Узбекистан.  Встречи с целью обсуждения перспективных направлений развития прошли в офисе  IT   Park  с 14 по 17 февраля. Стороны обсудили совместные шаги по развитию и имплементации проекта «Цифровая интеграция Узбекистана» ( Uzbekistan   Digital   Inclusion ). Предлагаемая цель развития проекта  Uzbekistan   Digital   Inclusion  заключается в расширении доступа к цифровой инфраструктуре и навыкам безработной молодежи и женщин для поддержки продуктивной цифровой интеграции. Проект считается первой фазой долгосрочного программного подхода к поддержке развития цифровой экономики в соответствии со «Стратегией цифрового Узбекистана до 2030 года» и «Стратегией развития Нового Узбекистана на 2022-2026 годы». Следите за дальнейшими новостями о проекте на официальных страницах  IT   Park .",2023-02-17
Стартует программа подготовки к конкурсу Solution Challenge от Google,"IT Park и GDG Ташкент при поддержке  Uzum  и  Digital -оператора BeelineUzbekistan   запускают в Ташкенте программу по подготовке к конкурсу Solution Challenge. Solution Challenge — это ежегодный конкурс для студентов, организованный Google, в котором необходимо создать решение местной проблемы с помощью технологий Google в соответствии с одной или несколькими из  17 целей ООН в области устойчивого развития .  Подготовительная программа  запущена с целью помочь проектам из Узбекистана выйти в топ-10 финалистов Solution Challenge по всему миру. Она включает в себя воркшопы, менторские сессии и Feedback-сессии. Мероприятия пройдут в гибридном формате. Воркшопы проведут эксперты из компании Google. На них спикеры расскажут подробнее, какие ресурсы Google можно использовать в своих проектах и как ими пользоваться, и ответят на вопросы участников. На воркшопах также выступят победители прошлогодних конкурсов. На менторских сессиях участники получат ценные советы от ведущих специалистов разных сфер, что поможет подкорректировать проекты и получитьуникальную возможность развить свои навыки, а также получать идеи. Фидбек-сессии — это отличный способ получать обратную связь, необходимую для улучшения своего проекта. Фидбек-встречи станут заключительным мероприятием подготовительного этапа части, после чего откроется регистрация на само соревнование.  Мероприятия в рамках подготовительной программы стартуют в конце февраля. Работу над проектами можно начать уже сегодня, зарегистрировавшись на конкурс, а подача заявок на Solution Challenge будет возможна в период с 17 по 31 марта 2023 года. Зарегистрироваться на программу подготовки можно по ссылке:   В форме регистрации заявители могут найти ссылку на группу в Telegram, к которой необходимо присоединиться для получения информации о мероприятиях.",2023-02-17
IT Park в лицах: Султонмурод Расулов— разносторонний глава экспортного отдела,"Мы продолжаем рассказывать о том, как сотрудники IT Park покоряют новые вершины! Предлагаем вам вдохновиться еще одной интересной историей! Новым героем рубрики «IT Park в лицах» стал Султонмурод Расулов —начальник экспортного отдела. Султонмуроду 24 года. Он окончил бакалавриат Варшавского университета Collegium Civitas в Польше по направлению «Международный бизнес и менеджмент». Наш герой начал свою трудовую деятельность в IT Park Uzbekistan с декабря 2021 года. По его словам, к выбору места работы он подошел осознанно и ответственно, поскольку планировал развиваться в значимой и масштабной сфере для Узбекистана. « Один из моих знакомых, который работал в IT Park, посоветовал мне подать заявку на работу. Последовав его совету, я успешно трудоустроился. Меня взялина должность менеджера по продвижению на внешнем рынке.  Думаю, этот непростой путь я прошел успешно и оправдал ожидания руководства, раз они стали доверять мне более важные задачи ».  Сейчас в обязанности Султонмурода входит повышение экспорта компаний-резидентов IT Park, привлечение зарубежных компаний на узбекистанский рынок, а также продвижение услуг резидентов за границей. Кроме того, он помогает молодым сотрудникам развивать профессиональные компетенции и социализироваться в коллективе. Почему именно IT Park? Вот уже два года Султонмурод неустанно трудится во благо IT Park Uzbekistan. Начало карьеры, вспоминает он, не обошлось без трудностей, однако сплоченный коллектив и поддержка коллег убедили его в правильности выбора профессии и компании. « Каждой профессии присущи определенные сложности. На моем профессиональном пути тоже встречались препятствия, например,установление связей с зарубежными компаниями, встречи с иностранными делегациями, постоянное общение с ними, проведение презентаций и выступление перед публикой. Такие задачи ка зались мне сложными, но благодаря сплоченной команде, которая всегда наставляет и поддерживает меня, я преуспел во всех делах. 
 ». IT Park — это территория возможностей для всех, особенно для молодёжи, которая хочет изменить мир, уверен наш герой.  «Меня мотивируют мои коллеги, руководители IT Park и драйв, который исходит от лидеров нашей отрасли. Меня вдохновляет даже сама мысль, что компании, с которыми я работаю и общаюсь, могут в конечном итоге закрепить свое присутствие в Узбекистане, изменив жизни многих людей. Я чувствую, что развиваюсь как личность. Работа в  ITPark — это не про то, ЧТО я  здесь получаю, это про то,КЕМ я здесь становлюсь. Я благодарен за работу с этой замечательной командой». 
 
 Работа в IT Park, добавил он, пробудила страсть к созданию лучшего будущего с помощью инноваций и технологий. Он искренне благодарен за возможность стать частью этого преобразующего путешествия. «Для меня IT ParkUzbekistan — это не просто рабочее место, а целеустремленная миссия, которой я посвятил себя. Это место, где я могу увидеть невероятный потенциал  IT -индустрии в формировании светлого будущего для Узбекистана, и я считаю привилегией сыграть свою роль в воплощении этого потенциала в жизнь». Что вы думаете об IT-сфере Узбекистана? Как отметил Султонмурод, сфера  IT  в Узбекистане быстро развивается и вносит большой вклад в экономику страны. Государственная поддержка сектора и наличие квалифицированной рабочей силы привлекли международные компании к инвестированию в  IT -индустрию страны, уверяет он. «IT Park играет важную роль в экономическом развитии страны для роста  IT -индустрии, предоставляя благоприятную среду для  IT -стартапов и компаний. Также создает рабочие места, способствующие развитию квалифицированной рабочей силы. Кроме того, инновационные технологии и услуги, разработанные компаниями IT Park, могут способствовать цифровой трансформации в различных секторах экономики Узбекистана, что приведет к повышению эффективности, производительности и конкурентоспособности. Таким образом, IT Park вносит важный вклад в содействии социально-экономическому развитию страны и создании светлого будущего для ее граждан». Расскажите про ваши хобби и мечты Как у человека, увлеченного личным ростом и новым опытом, у нашего героя есть множество хобби, которые отражают его интересы. Свое свободное время он тратит на саморазвитие и чтение книг. 
 
 В  IT Park  работают удивительные и разносторонние люди, чьи мировоззрения напоминают неизведанные галактики. А вы хотите присоединиться к любящей семье  IT Park ? Тогда отправляйте свое резюме на электронный адрес: ",2023-02-21
IT Park в лицах: Мадина Мусурманкулова — от стажёра до начальника,"Любое предприятие — это в первую очередь лицо и душа. И чтобы узнать, что представляет собой организация, нужно узнать сотрудников, работающих там. Именно поэтому IT Park запустил рубрику «IT Park в лицах», где специалисты, работающие здесь, рассказывают о своей карьере, интересах и увлечениях.  В гостях у рубрики  и.о. начальника отдела цифровой трансформации  Мадина Мусурманкулова . Мадине 23 года. Она окончила Ташкентский университет информационных технологий по направлению компьютерного инжиниринга. Работу в IT Park девушка начала в феврале 2020 года  в качестве с тажёра. «В конце 2019 года, когда я была студенткой второго курса университета, я поняла, что очень хочу устроиться на работу параллельно с учёбой, как и мои сверстники, чтобы войти в свою специальность. Поскольку у меня не было опыта и понимания своей сферы, я не знала, куда пойти. Посоветовавшись с братом, который на тот момент работал в компании, которая была резидент ом  IT Park , я позвонила в Парк и спросила про вакансии. Спустя  1-2 месяца меня пригласили на собеседование, сказали, уточнят, нужны ли стажёры в отделы».  Через несколько дней Мадину пригласили на второе собеседование, и уже в феврале 2020 года она попала на стажировку вотдел развития стартап-экосистемы, где она и работает по сей день.  Сейчас в обязанности Мадины входит управление отделом цифровой трансформации, в рамках которого осуществляется деятельность таких крупных проектов как: Инкубационные Центры по Республике, ежегодные хакатоны по Искусственному интеллекту,  Open   Data   Challenge  и т.д., ежегодный международный конкурс  Entrepreneurship   World   Cup  и другие. Кроме этого, в обязанности Мадины входит работа с регионами по развитию стартап-экосистемы в каждой области страны. «Я также принимала участие в работе по преобразованию общеобразовательных школ в специализированные IT-школы. Мы с командой организовали республиканскую олимпиаду среди школьников по  IT -пятиборью и информатике». Почему именно IT Park? Вот уже три года девушка неустанно трудится на благо IT Park. Поначалу, вспоминает Мадина, были некоторые трудности, однако это только усилило её решимость расти в этом направлении. «Трудности есть везде и всегда. Мы всегда решали сложные моменты коллективно и с помощью наставников. Что касается сложностей, связанных с работой, то да, на начальном этапе было много недопониманий с близкими из-за моей загруженности по проектам, или из-за работы в выходные в связи с организацией каких-либо мероприятий. Но мои родные увидели, как я вкладываюсь работу, как счастлива от того, что стала частью такой масштабной организации, и сейчас поддерживают меня». Мадина очень любит свою работу и коллектив. «В первую очередь я люблю её за то, что она даёт мне возможность работать с крутыми наставниками, в дружной и весёлой команде. Для меня это не просто работа, а скорее  способ каждый день учиться чему-то новому, вдохновение, которое я получаю от общения с участниками и менторами различных программ». Что вы думаете об IT-сфере Узбекистана? IT -сфера, по мнению Мадины, самая перспективная в Узбекистане. Девушка уверена, что именно это направление поможет принести ещё большую известность стране. «Во всём мире Узбекистан знают как страну с великой историей, богатой культурой и изумительной кухней. Сейчас у нас появилась ещё одна возможность  —  заявить о себе как о новом  IT -хабе и стране с передовыми технологиями. Узбекистан за последние годы вырвался вперёд в вопросах развития ИКТ-сектора, и это только начало». Во многом, продолжает гостья рубрики, это заслуги IT Park, поскольку организация занимается повышением IT-культуры в республике. «Я очень счастлива, что правительство Узбекистана инициировало создание такой организации в республике. Если раньше об IT-сфере Узбекистана практически ничего не знали, то сейчас с нами сотрудничают крупнейшие игроки мира, а среди стран Центральной Азии Узбекистан стал лидером в секторе».  Самое главное, отмечает Мадина, IT Park не останавливается на достигнутом. Сотрудники организации продолжают вносить вклад в развитие, а значит, об IT Park и вообще об Узбекистане будут знать в каждом уголке планеты. Расскажите про ваши хобби и мечты У Мадины много хобби, поэтому назвать что-то одно она не может. «Свободного времени не всегда много, но, если мне удаётся выкрасть несколько часов, я посвящаю их в основном саморазвитию. Прохожу курсы повышения квалификации, читаю книги, связанные со стартапами и бизнесом, слежу за новостями о стартапах в мире. Не забываю и об активном отдыхе, прогулки на свежем воздухе, походами в горы». Также, добавила девушка, свободное время она любит проводить с сестрёнкой. «Мне вообще нравится общаться с молодёжью. Они всегда вдохновляют меня, дарят позитивные эмоции. Это ещё одна причина, по которой я выбрала  IT Park .  IT Park —  это не просто организация, это огромная дружная семья, которая всегда поддержит твои идеи, и с которой ты эти идеи воплотишь в реальность!» Если и вы хотите стать частью семьи IT Park, отправляйте резюме на электронный адрес: hr@it-park.uz",2023-02-16
Онлайн-марафон для IT-специалистов,"Резидент IT Park OOO «AMEGA ITS» совместно с вендором программного обеспечения в направлении Business Intelligence Qlik организуют в Ташкенте обучающий онлайн-марафон с участием зарубежных и локальных экспертов. К участию на программе обучение приглашаются руководители,  IT -специалисты всех уровней и направлений как со стороны  IT -компаний, так и со стороны государственных и коммерческих организаций. Марафон пройдёт с 1 по 17 марта. Программа обучения включает в себя 12 модулей. Участников марафона ждут теория, практика и кейсы реальных внедрений.  Обучение будет проводиться на русском и узбекском языках. Участие бесплатное для всех. Зарегистрироваться на онлайн-курс и получиться подробную информацию о программе марафона можно по ссылке: Участники, выполнившие все практические задания и отправившие их на проверку, по окончании программы получат сертификат об окончании марафона. Приём заявок продлится до 28 февраля 15:00. Спешите, количество мест ограниченно! ",2023-02-15
Конкурс на приз Президента Республики Узбекистан за звание Лучших стартапов с призовым фондом в $1 млн!,"В Узбекистане, согласно Постановлению Кабинета Министров Республики Узбекистан №66 от 15 февраля 2023 года, ежегодно будет проводиться конкурс на приз Президента Республики Узбекистан “President Tech Award” за звание лучших стартап-проектов по направлению цифровых технологий с общим призовым фондом в $1 000000. Конкурс будет разделен на основное и специальное направление. Основное направление конкурса будет проводиться по следующим категориям: 1. Технологии на основе искусственного интеллекта; 2. Цифровые технологии в социальной сфере; 3. Технологии в сфере информационной и кибербезопасности; 4. Предпринимательство и финансовые технологии; 5. Компьютерные и мобильные игры. Специальным же направлением станет Гран-При Хакатон, который предусматривает создание цифрового решения за 72 часа. Призовой фонд конкурса будет распределяться следующим образом: 1. Для каждой категории основного направления: 1 место — $100 000; 2 место — $50000; 3 место — $30 000. 2. Для Гран-При Хакатона (специальное направление) - $100 000 (один победитель) Постановлением также предусмотрено проведение данного конкурса в следующие 5этапов: Прием заявок — с 1 мая по 1 июля; Предварительный отбор — с 1 по 25 июля; Онлайн-оценивание отобранных проектов — с 5 сентября по 5 октября; Офлайн - оценивание (Demo Day) — с 5 по 10 ноября; Определение и награждение победителей — 20 ноябрь - 25 декабрь. Условия участия В основном направлении конкурса могут принимать участие исключительно граждане Республики Узбекистан, а в специальном направлении — также иностранные граждане, являющиеся сотрудниками резидентов IT Park.  Участниками всех направлений могут стать молодые люди до 30 лет, которые должны быть в командах по 3-8 человек (для основного направления) и по 3-5 человек (для специального направления). Участвовать разрешается только по 1 выбранной категории основного направления, а также в специальном направлении. Участие является бесплатным. Судейство на конкурсе будет проводиться со стороны независимой организации, имеющей большой международный опыт в направлении развития стартапов. 
 
Победители основных направлений конкурса будут определяться путем общественного голосования, а Хакатона (специального направления) со стороны независимой организации. В целях обеспечения прозрачности и открытости все этапы данного конкурса, будут проводиться на специальном портале. Регистрация на конкурс будет открыта в ближайшее время.",2023-02-16
